{
  "point1": [
    816,
    664
  ],
  "point2": [
    485,
    256
  ],
  "pixel_distance": 525.3808142671371,
  "real_distance_meters": 23.77,
  "pixels_per_meter": 22.102684655748302
}